TE0,TE1,TL0,TL1,TimeSyncsReceived,EmotiBitStartTime, EmotiBitEndTime, DataParserVersion
44475.000000,90531.000000,1766633906.605679,1766633952.657955,12,44388,104560,1.11.4